gender,age,education_level,experience_years,screening_score,shortlisted,prediction
0,49,1,27,77.78324009867022,0,0
1,28,3,4,55.41071274028912,0,0
1,56,2,30,76.85022002427567,1,1
1,49,2,29,61.39144951735878,0,1
0,35,3,14,68.1271729969792,0,0
0,31,0,10,73.9947570036984,0,0
0,37,1,16,85.5274655195744,0,0
1,37,1,17,55.31006022309419,0,0
1,52,0,29,70.47443270978395,0,1
1,46,3,26,95.23589339346792,1,1
0,34,1,12,62.35928755959573,0,0
1,27,3,7,67.94835166549373,0,0
1,30,3,10,95.21345711716982,1,1
0,57,2,30,74.56216207923657,1,1
0,41,0,17,42.89029581258326,0,0
0,39,3,15,53.067835217684525,0,0
0,42,4,22,75.34368821548165,1,1
1,25,0,2,71.34507361835712,0,0
0,54,1,30,67.43869800108229,0,0
0,48,2,26,97.41836274749696,1,1
1,28,1,5,55.73769265762408,0,0
0,27,1,4,63.88379264851946,0,0
0,36,0,14,35.553346858426465,0,0
0,39,1,18,82.40989833201458,0,0
0,53,3,29,53.0172154840613,1,1
1,32,1,8,80.85705153201394,0,0
0,41,2,19,79.28045197155951,1,0
1,45,2,22,100.0,1,1
1,36,4,15,74.73913364796817,1,1
0,28,2,6,59.658700635198365,0,0
1,42,1,18,71.80434439995638,1,1
0,47,2,27,53.611207282571186,0,0
0,35,0,12,69.78740266263364,0,0
1,58,2,30,61.98646241686441,1,1
1,42,3,20,63.944923254921925,1,1
1,39,0,15,51.524502681086545,0,0
0,26,4,5,69.50669089644164,0,0
0,24,3,4,77.36345038529103,0,0
1,44,1,23,40.21854807992409,0,0
0,47,1,23,54.67111020102294,0,0
0,58,1,30,67.52070753770406,0,0
0,45,3,24,29.79025038179879,0,0
0,40,3,19,91.10396650569378,1,1
1,46,3,26,54.333337781704174,1,1
0,42,0,18,50.92868721862358,0,0
1,33,0,12,61.88986585614817,0,0
0,54,1,30,67.06059258197335,0,0
1,25,2,5,53.65290653071494,0,0
1,28,1,5,79.7062049898339,0,0
0,43,4,20,70.99559809161835,1,1
1,54,0,30,52.44137159591966,1,1
1,38,3,16,57.16392324616443,1,1
1,45,0,24,42.24845455414521,0,0
1,55,3,30,46.19988656697746,1,1
1,49,4,25,70.81397492318543,1,1
1,43,4,21,52.59703165895257,1,1
0,38,0,16,92.0642667957364,0,0
0,55,3,30,66.06384800463714,1,1
0,27,4,3,44.70764862344007,0,0
0,27,1,6,47.84979070898656,0,0
0,55,1,30,80.79454542022143,1,1
0,22,3,1,63.85229596086389,0,0
1,31,0,10,79.87992239836454,0,0
0,42,4,22,59.50268029882901,1,1
0,26,0,4,56.59651861244735,0,0
1,23,1,1,81.79171056551579,0,0
0,43,4,21,52.12133934457111,0,0
1,23,0,3,72.33581200055542,0,0
0,31,2,10,61.823245843979485,0,0
1,55,3,30,78.18085120063662,1,1
1,37,3,13,92.277259813037,1,1
0,43,2,23,59.11733475198486,0,0
0,33,1,9,56.79286791805316,0,0
1,45,4,25,74.98712583556033,1,1
1,59,3,30,48.769946071953974,1,1
1,31,2,8,89.24698186775053,1,1
1,56,2,30,86.6903382508471,1,1
0,53,1,30,50.01320541259354,0,0
0,28,1,7,41.25312770889641,0,0
0,42,0,19,47.591342707156734,0,0
1,41,3,19,47.81945540061323,0,1
1,47,0,26,77.02640846532465,1,1
0,25,2,2,88.23755473669105,0,0
0,43,4,21,76.85189318928235,1,1
0,36,4,12,61.45711675075314,1,0
0,42,1,22,70.13747700365622,1,0
1,36,4,13,51.95332950792447,1,1
1,43,4,22,81.45812068346349,1,1
1,49,4,26,71.48043409973799,1,1
0,35,2,14,76.59796673024695,0,0
0,48,4,25,54.08696447210337,1,1
1,49,4,28,62.4710421969703,1,1
1,47,4,25,75.87609709971805,1,1
1,23,0,0,86.65269349285423,0,0
1,46,2,24,55.87850360827123,1,1
0,24,1,0,76.70677860756228,0,0
1,29,0,7,54.31892305084574,0,0
0,54,3,30,96.75790659239914,1,1
0,56,2,30,58.77762937591206,0,0
0,27,2,7,74.65257761078168,0,0
0,44,3,23,67.48414422850449,0,0
1,46,3,25,100.0,1,1
0,40,3,19,68.44852412036846,0,0
1,26,1,2,57.274159655148075,0,0
1,32,4,11,74.59259768919594,0,1
0,33,2,12,74.2586130016306,0,0
0,31,4,8,62.63795204361587,0,0
1,29,4,7,48.578512036578374,0,0
0,45,3,24,57.08001707914465,0,0
0,49,1,29,78.22248422217379,1,1
0,57,0,30,38.78826580649056,0,0
0,58,1,30,61.2793115092143,0,0
1,42,4,18,79.92295882725175,1,1
1,29,1,5,63.597556714999286,0,0
1,30,3,9,97.60565209329114,1,1
1,36,0,13,38.83024639552021,0,0
1,39,3,19,50.57948196620849,1,1
0,41,0,20,30.280492966208183,0,0
1,27,4,4,94.90535850117948,1,1
1,33,0,10,50.82519273872554,0,0
1,23,0,2,35.19618032407501,0,0
1,28,0,7,55.82121028361848,0,0
0,37,1,14,44.107863377172954,0,0
0,24,1,1,55.92822664541896,0,0
0,24,4,1,65.61843876417356,0,0
0,48,0,27,77.0738165607065,0,0
1,59,2,30,62.37996589833593,1,1
1,54,4,30,65.37936049002015,1,1
0,49,0,28,56.27607165394805,0,0
1,22,0,0,42.324526591255115,0,0
0,29,1,7,37.30189635551148,0,0
0,58,4,30,59.53271329495458,1,1
0,53,0,30,66.2695966781482,0,0
0,58,0,30,58.420782181606235,0,0
1,25,4,2,37.86009510707987,0,0
0,51,2,30,68.02100139902258,1,1
1,27,4,4,89.43957324356471,1,1
1,40,4,18,63.28030229733278,1,1
0,53,2,30,56.30704133635876,0,0
1,30,4,9,64.09258939634721,1,1
1,33,0,10,48.43430233155322,0,0
0,32,4,12,47.46651306055777,0,0
0,37,2,14,71.77121132141954,0,0
0,22,3,0,79.85482293548499,0,0
0,42,4,20,62.7935247170837,1,1
0,51,1,28,35.3935242857635,0,0
1,34,0,12,70.30023389803625,0,0
1,55,0,30,96.01073255506172,1,1
0,25,1,5,61.34152754827572,0,0
0,49,1,28,62.332313368948654,0,0
1,59,4,30,51.91049704829093,1,1
0,52,1,28,72.22030996840115,0,0
0,48,3,28,54.93524803258081,1,1
0,26,2,3,80.32252846502891,0,0
1,46,1,25,55.13629180272267,1,1
0,24,1,1,70.12687202178445,0,0
1,54,3,30,64.30483630910659,1,1
1,25,0,4,88.32667428963951,0,0
0,46,0,24,71.14219079297072,0,0
1,41,4,21,85.80510978687381,1,1
0,55,3,30,66.6293525116575,1,1
1,47,2,23,62.43889549228577,1,1
1,26,2,4,64.42713845697162,0,0
1,56,3,30,53.42886197934211,1,1
0,49,2,27,72.97503175555808,1,1
1,50,0,30,54.6446248879477,1,1
0,30,2,9,66.68694562276774,0,0
0,59,2,30,77.82802949695868,1,1
0,27,3,5,88.75323364665408,0,0
1,40,3,18,67.44290125797485,1,1
1,32,2,11,77.91810584099049,0,0
0,23,1,0,76.1283162557122,0,0
1,30,3,10,59.26434363768536,1,0
0,42,4,20,96.61705181636266,1,1
1,45,4,24,56.35636695681585,1,1
0,55,0,30,66.36491939224348,1,0
1,43,2,23,86.81179630097641,1,1
0,24,1,3,86.44187364198235,0,0
1,33,0,13,65.21480597053493,0,0
0,49,2,27,79.85625121760943,0,1
0,51,3,27,61.64041495334667,1,1
0,47,4,26,57.669816645514125,1,1
1,42,1,18,46.8081639032234,0,0
1,49,4,27,75.85822048218921,1,1
0,47,3,23,77.43831396902684,1,1
1,54,2,30,56.48166056666507,1,1
1,42,3,19,69.02150050977852,1,1
1,56,3,30,100.0,1,1
1,55,4,30,82.20023450176046,1,1
0,39,1,18,51.47774086131708,0,0
0,32,3,9,80.02343419645082,0,0
1,44,4,23,51.54707328123979,1,1
1,43,1,22,21.571725322179724,0,0
1,38,2,16,64.69381785100806,0,0
0,26,2,4,88.44802189389478,0,0
0,32,0,9,85.96171940655412,0,0
1,51,4,29,70.65852753638983,1,1
1,36,1,14,56.874058801251586,0,0
1,48,3,26,72.2967452586897,1,1
1,56,2,30,60.96259744533634,1,1
1,54,1,30,57.29516462046034,0,1
0,41,4,20,80.93003303458357,1,1
0,37,0,17,57.109463304341105,0,0
1,55,2,30,81.90854834714114,1,1
1,23,1,3,56.11721057054281,0,0
0,56,1,30,95.87737932234334,1,1
0,49,1,25,40.390483395723216,0,0
1,27,4,7,50.64846002443148,0,0
0,30,4,10,62.66948398714515,0,0
0,41,4,20,35.239341452179055,0,0
1,22,3,2,26.435207858672513,0,0
1,29,1,6,35.36888574634087,0,0
1,44,2,20,60.61866184533488,1,1
0,24,4,0,60.9993498517383,0,0
1,25,4,5,69.99499221849298,0,0
0,46,1,24,62.044977773354866,0,0
0,59,4,30,69.49274696766274,1,1
1,36,3,16,58.24675378342397,0,1
1,42,3,19,75.72223636207522,1,1
1,56,4,30,73.91465004760283,1,1
1,35,1,15,60.09961070213721,1,1
1,57,1,30,72.99517152008586,1,1
0,33,1,10,62.14031096076996,0,0
0,38,0,17,42.16511126910342,0,0
0,30,4,7,78.56744962073932,0,0
0,56,1,30,51.39775930102356,0,0
1,34,3,12,78.40735932712651,1,1
0,36,2,16,69.86040158175535,0,0
1,39,2,19,63.73216536474316,1,1
1,54,1,30,36.84509906823371,0,0
1,27,2,3,88.09618336121666,0,0
1,48,2,27,59.553292079688674,1,1
1,44,0,20,74.51845380733374,0,0
0,48,3,25,63.290388149438286,1,1
0,55,3,30,60.92846996656418,0,1
1,59,0,30,67.89211757595484,0,1
0,35,0,14,65.39858425162771,0,0
0,57,2,30,60.99510814736319,1,0
1,29,4,9,64.17028162081772,1,1
0,56,2,30,71.40596984407566,0,1
1,40,0,20,72.46728765137442,0,0
1,51,3,29,65.65035819115894,1,1
1,35,2,12,74.31405484721658,1,1
0,41,4,20,58.6389529333537,1,1
0,46,2,22,98.37329571494683,1,1
1,45,1,24,87.2838291201167,1,1
0,35,2,11,76.43664492247417,0,0
1,47,0,27,35.876292592444244,0,0
1,59,3,30,74.09028708282473,1,1
1,44,3,20,59.95044375706918,1,1
0,43,0,22,50.31978902885971,0,0
0,40,1,16,59.56855924542771,0,0
1,24,0,1,51.9824789910587,0,0
0,40,2,20,72.60204640639259,1,0
0,30,0,7,89.23991093844842,0,0
1,49,0,29,77.39043187560173,1,1
1,41,1,21,100.0,1,1
1,28,2,6,41.69581355636893,0,0
1,35,4,12,57.4094794329634,1,1
0,30,4,7,50.85462211486534,0,0
1,40,3,18,83.44052471539787,1,1
1,35,0,14,61.691744645321926,1,0
0,59,3,30,67.84274294715881,0,1
1,57,1,30,74.50528297959589,1,1
1,38,4,16,43.17816724194887,1,1
1,51,0,28,55.67976555192505,1,0
1,30,1,9,79.95898930546872,1,0
1,54,1,30,56.77868149238121,1,1
0,46,0,26,39.29535546396962,0,0
0,35,1,11,51.46605668473627,0,0
1,32,0,10,60.70597919592101,0,0
1,56,0,30,67.50140779834142,1,1
1,35,2,14,63.93780035074221,1,1
1,51,3,30,55.78673237085539,1,1
1,25,1,5,79.08970158272705,0,0
1,25,1,4,63.06408595157137,0,0
1,49,2,29,68.14102042996886,1,1
1,29,2,7,56.58566033917352,0,0
1,23,2,0,87.63410396360318,0,0
1,43,4,23,59.12553342189709,1,1
1,37,4,15,66.12039299889891,1,1
0,50,4,27,80.5249916319032,1,1
0,51,0,28,69.20063391589939,0,0
0,33,1,13,68.82634544656223,0,0
1,56,3,30,35.395167359050795,1,1
0,32,0,12,75.20952502540827,0,0
0,42,1,21,65.83380410320235,0,0
1,42,1,19,73.12347654758825,1,1
0,26,2,6,67.74819572553254,0,0
1,41,2,18,56.61263664315692,0,0
0,58,0,30,78.41460749824391,0,0
0,24,2,0,67.97189916919874,0,0
1,54,1,30,45.659202634356355,1,1
0,30,2,10,84.62775734519244,1,0
0,30,4,7,43.54280653418792,0,0
1,25,2,3,78.51393851375813,1,0
1,56,1,30,87.30397657895311,1,1
0,38,0,16,48.40556846055106,0,0
1,55,3,30,63.15857319893168,1,1
0,45,2,24,61.76077630798735,0,0
0,53,1,30,62.43543267228667,0,0
1,22,3,0,92.45357532849596,1,1
1,29,3,6,48.57921690624322,0,0
1,44,4,22,60.401494326815026,1,1
1,33,3,11,87.54983748232627,1,1
1,33,1,9,60.15576757491278,0,0
1,36,1,16,50.96330426200256,0,0
0,40,2,17,68.94522022654623,0,0
1,47,2,25,77.08460812560523,1,1
0,50,2,29,59.10738544777554,0,0
0,43,3,21,73.31552586211318,1,1
0,42,3,19,44.35077358888155,0,0
0,59,4,30,45.184593748721085,1,1
1,41,2,17,58.39870579621059,0,0
1,50,0,28,73.85026129987592,1,1
1,25,4,3,76.42246971477628,1,1
0,28,0,7,47.26975928812905,0,0
0,49,3,25,75.86631057098869,1,1
0,49,4,25,67.4976056065217,1,1
0,25,4,3,51.81192958323023,0,0
1,43,1,22,44.98717471965502,0,0
1,33,3,11,68.44734732356488,0,1
1,24,3,2,84.3434483624817,0,0
0,43,4,20,65.53283646166936,1,1
1,23,3,0,50.97618725890646,0,0
1,45,4,24,36.979665693808606,1,1
1,55,1,30,87.94236270332914,1,1
1,48,4,25,80.62775915479644,1,1
0,22,3,2,69.53115273157402,0,0
0,29,3,5,87.16990950898192,0,0
0,44,4,21,68.35878649630392,0,1
1,59,4,30,57.034445740734746,1,1
0,27,4,6,73.32698367575316,0,0
0,43,2,23,52.55411485598313,0,0
0,46,3,23,50.06528273220229,1,0
0,39,3,16,76.57410664410902,1,0
1,38,2,17,77.83638151346123,1,1
1,33,4,12,45.89392579268886,0,0
0,27,1,7,46.44803476337216,0,0
0,47,4,23,58.324254595504826,0,1
0,48,4,24,54.33042750230506,0,1
0,29,2,7,72.14733144748054,0,0
0,40,3,17,65.72074756648385,0,0
0,22,4,2,82.47359386454909,0,0
0,50,3,27,69.75886587850975,1,1
1,56,0,30,55.33134755492483,0,1
1,35,3,15,36.63306707170331,0,0
0,56,1,30,67.69183976415766,0,0
0,41,1,18,39.34507834645584,0,0
1,34,4,13,55.14567144618746,1,1
1,59,3,30,54.17409832854987,1,1
1,29,4,9,57.37359327674853,0,0
1,41,2,19,45.25948610109713,0,0
0,54,1,30,54.12085087835076,0,0
0,47,4,27,82.188568676777,1,1
1,42,2,20,82.147227313624,1,1
0,30,4,9,87.98749663198957,0,0
1,45,3,25,65.15219788615661,1,1
1,58,3,30,69.0682869334737,1,1
1,38,3,18,82.40917126540488,1,1
0,45,3,22,42.94008564594324,0,0
1,42,0,20,77.08442760055551,1,1
0,34,2,11,84.53517085093483,0,0
1,32,2,9,51.66559510943564,0,0
1,40,3,18,85.7395871840549,1,1
0,32,0,8,95.86574120452374,0,0
1,34,3,12,76.66770005766243,1,1
1,22,0,0,73.91756552990185,0,0
0,40,3,20,48.20335926306112,0,0
0,33,1,13,81.03805893561386,0,0
0,29,1,7,49.616140210443305,0,0
0,29,4,9,70.54611203960545,0,0
0,33,3,12,72.06642660996538,0,0
1,54,2,30,20.0,0,0
0,47,4,24,71.08705075303627,0,1
0,49,1,25,100.0,1,1
1,26,3,6,33.62215366594293,0,0
0,29,4,5,64.19162008980298,0,0
1,46,3,23,35.793269348980715,0,0
0,48,1,25,51.58787841792234,0,0
0,44,4,24,36.05334717769544,0,0
1,51,1,30,67.39313490495826,1,1
1,44,0,23,76.90407204889392,1,1
1,41,1,21,71.14607949153638,1,1
1,39,3,19,51.04726295813642,1,1
1,39,2,15,55.85907865106109,0,0
0,23,1,3,69.08409029128458,0,0
0,25,2,4,51.51614014791619,0,0
1,51,0,30,45.068073372265374,0,0
1,54,4,30,61.41309409847058,1,1
1,57,4,30,50.82937686091388,1,1
0,39,2,15,71.17336875880464,0,0
0,58,4,30,84.48046100475376,1,1
1,40,1,18,100.0,1,1
0,49,2,29,70.07100368209476,1,1
1,41,3,18,74.68958244229306,1,1
1,54,1,30,56.010239850588086,1,1
0,33,1,11,56.939348386676826,0,0
1,36,1,12,84.26084369811409,0,0
1,23,3,1,60.855082997798334,0,0
0,50,0,29,66.09421067908674,0,0
1,31,4,10,83.34463505192502,0,1
1,23,2,3,60.97059242170115,0,0
1,32,0,12,87.50630656532223,0,0
0,34,2,11,73.59544004077108,0,0
1,31,4,8,71.83097256467322,1,1
0,35,3,14,55.277162793989845,0,0
0,39,1,15,72.63688992575157,0,0
1,30,1,8,58.5643107820063,0,0
0,49,3,26,72.04113284293557,1,1
0,24,0,1,63.47262401359357,0,0
1,41,0,17,79.5021435647618,0,0
1,27,2,3,64.52343240804868,0,0
1,48,3,28,95.56786325355046,1,1
1,23,0,1,60.866795324064114,0,0
0,50,3,26,56.98137856964735,1,1
0,59,4,30,70.19170680201881,1,1
0,24,1,1,81.1680658374121,0,0
1,37,1,16,81.0514772724091,0,0
1,51,1,27,67.50172166603745,1,1
1,23,3,3,70.08633741207177,0,0
1,38,3,16,70.10807086058635,1,1
0,33,2,13,48.83190779557812,0,0
0,56,1,30,80.36110162649146,0,1
0,22,2,2,46.13215351818999,0,0
1,36,1,13,48.86001986322812,0,0
0,47,2,24,65.82540626782198,1,1
1,58,2,30,60.20210398781688,1,1
0,42,4,19,76.94236099063174,0,1
0,52,2,29,71.71029009005271,1,1
0,46,3,25,67.07302080606038,0,1
1,44,2,24,48.11699006041924,0,0
1,45,1,24,65.39840157295103,0,1
0,59,2,30,64.21232796317875,0,0
0,49,0,25,68.33280105353255,0,0
1,42,1,18,58.549429918585425,0,0
0,39,0,15,72.84226306990314,0,0
1,57,1,30,59.80158443439699,1,1
1,56,3,30,71.43670197693669,1,1
0,30,3,10,76.94071361128627,0,0
0,59,3,30,56.98106752021439,1,1
1,51,0,30,53.41762294727772,0,1
0,55,4,30,72.14549234704009,1,1
0,53,1,30,45.18350478928356,0,0
1,24,3,2,81.67497132338093,0,0
1,24,1,3,65.16443925675462,0,0
1,49,0,29,63.278623971524524,1,1
1,36,4,13,73.19023877526838,1,1
0,44,0,24,72.25931780633145,0,0
0,32,1,8,65.0977711246836,0,0
1,53,4,30,78.17924615902871,1,1
1,57,4,30,54.914175419746215,1,1
0,54,0,30,75.68534739940438,0,0
1,45,3,24,48.82064792496387,1,1
0,55,1,30,72.659734865977,1,1
0,49,2,25,60.08190055299564,0,0
0,58,2,30,45.333709064462134,0,0
0,28,0,4,68.8496422571656,0,0
0,25,1,2,64.48360260273907,0,0
0,58,1,30,41.85911735776807,0,0
0,22,0,0,33.29501686160404,0,0
1,22,1,0,62.71604249873758,0,0
1,41,3,19,89.27338941052741,1,1
1,40,0,19,69.81522512308867,0,0
1,50,3,28,54.975451449283334,1,1
0,31,1,11,81.22804273531786,0,0
0,39,0,17,78.60835426811838,0,0
1,49,1,29,84.07368616984078,1,1
0,56,0,30,75.2584664651406,0,0
1,52,1,30,78.28853484666811,0,1
0,48,3,25,75.96662796518847,1,1
1,32,3,9,57.837425788753585,0,0
0,59,1,30,40.44078890894607,0,0
1,26,0,3,57.182969063104224,0,0
1,29,2,6,81.5740546550203,0,0
1,55,3,30,59.28483745858143,1,1
0,33,3,11,62.81811423338966,0,0
1,59,2,30,47.51322600280333,1,1
1,22,1,0,56.733656417611655,0,0
1,52,0,29,64.86366249824862,1,1
1,25,1,1,72.3884326678813,0,0
1,26,4,6,58.120085492365,0,0
0,51,3,28,57.07193861573452,1,1
1,45,4,21,77.63263347723301,1,1
1,24,3,3,69.87899789657335,0,0
1,32,3,11,71.73008697788224,1,1
0,25,4,2,87.92480879102557,0,0
0,47,4,27,57.42388417384464,1,1
1,48,1,27,64.26471244277548,1,1
1,48,4,27,73.2673966163472,1,1
0,27,1,7,51.927389575129794,0,0
1,36,1,12,68.43574607378179,0,0
0,51,1,30,65.33294745888651,1,0
0,58,3,30,100.0,1,1
0,58,3,30,66.4980425249761,0,1
0,58,4,30,82.35409648346499,1,1
1,56,3,30,77.44914820770263,1,1
0,44,4,21,47.65157595288518,0,0
1,27,3,5,41.767642430589504,0,0
1,25,0,1,68.70521908049442,0,0
1,39,0,19,83.86001993220432,0,0
1,30,4,8,69.31872229344762,1,1
0,50,3,28,66.18277706025762,1,1
1,34,3,14,60.73870020576125,1,1
1,38,1,17,45.140581301053935,0,0
0,53,2,30,50.59218923616481,0,0
1,43,4,23,40.66529466740453,1,1
1,25,2,4,48.454301013301226,0,0
1,26,2,5,57.109876438559745,0,0
1,58,4,30,76.64024032275479,1,1
1,34,3,13,58.32399108806604,0,0
0,55,4,30,68.83438678324576,1,1
1,43,2,23,67.02843816765022,1,1
1,44,3,21,72.48573253224461,1,1
0,24,0,1,49.47777602724112,0,0
0,55,4,30,80.88790572685323,1,1
0,53,4,30,43.892345225696104,0,0
1,42,3,19,58.28280196420089,1,1
1,42,0,22,64.68641888335132,1,0
0,32,0,11,76.4021727222462,0,0
1,25,3,4,85.6896400332613,0,0
0,22,1,2,76.52047280192585,0,0
1,49,4,26,86.23874536183789,1,1
1,45,4,25,52.56236105739043,1,1
1,56,2,30,82.85555720106814,1,1
0,34,3,13,80.2798509486995,0,0
0,55,2,30,29.055874144615046,0,0
0,32,2,8,61.69303634158585,0,0
0,57,0,30,74.03056135072674,0,0
1,38,4,18,57.26879201831842,1,1
1,56,2,30,48.71262241555645,1,1
1,39,0,18,96.71262826912812,0,0
1,43,3,21,66.6656022645636,1,1
1,45,2,21,67.0760815123109,1,1
1,40,4,18,45.365088276874005,1,1
1,58,2,30,55.81458506305641,1,1
1,42,3,19,51.53239055942145,1,1
0,29,2,7,81.18462845208954,0,0
0,49,4,28,72.56950431389077,1,1
0,26,0,3,56.44154460790206,0,0
1,38,4,16,73.40750357999322,1,1
1,58,0,30,61.19719781388384,1,1
0,57,1,30,68.51736076967812,0,0
1,40,4,18,68.44645830778559,1,1
1,48,4,28,71.30400815719399,1,1
0,55,3,30,69.49477885095119,1,1
0,32,2,11,71.31574476747363,0,0
1,33,0,12,83.83712465728361,0,0
1,42,0,22,74.60844129610287,0,0
1,32,3,11,59.94647355911061,0,0
1,49,3,27,63.53070881022238,1,1
1,26,2,6,83.452558819956,0,0
1,38,2,14,66.68633682422322,0,0
1,41,4,18,59.38972373964351,1,1
1,33,1,10,55.53292486804946,0,0
0,27,2,4,69.09557162249371,0,0
0,38,3,16,52.17714796181636,0,0
0,40,2,16,84.2719313575146,1,1
1,47,0,27,49.432724693643806,0,0
1,53,1,30,87.17101588279132,1,1
1,27,4,4,60.72154526191326,0,0
0,57,0,30,48.84893969558516,0,0
0,59,0,30,67.83763607848064,0,0
0,32,1,8,50.704412626785654,0,0
0,54,4,30,65.5155764154539,1,1
1,45,3,24,56.33684702601001,1,1
0,44,4,21,79.17609901803637,1,1
0,36,2,12,67.05124414906449,0,0
1,48,0,24,47.17248751888198,0,0
0,32,2,12,56.04445189360992,0,0
1,38,3,18,75.57420874389695,1,1
1,35,2,12,84.30638155685713,0,1
0,48,4,24,64.32087788798475,1,1
1,39,2,16,49.33405157196644,1,0
1,49,3,29,80.81054466276332,1,1
1,25,3,5,75.50845512340062,0,0
0,28,3,7,84.59809376453823,0,0
1,56,4,30,69.3531367763196,1,1
0,30,3,7,57.19104626304661,0,0
0,29,0,5,72.75332728093369,0,0
0,38,3,14,69.89493835162372,0,0
1,38,2,17,56.37689462230948,0,0
0,54,2,30,67.9795787577111,0,0
0,53,2,30,62.0746116676693,1,0
1,29,4,7,76.1530676747552,0,0
0,40,2,17,72.38010365473153,0,0
0,59,4,30,49.22612910078215,1,1
0,24,4,4,47.713661309585135,0,0
0,26,3,3,63.6528323963967,0,0
0,34,0,11,65.49228928068973,0,0
0,52,3,29,76.4146516113774,1,1
1,37,3,16,72.69955865842833,1,1
0,53,4,30,86.88028464819114,1,1
0,43,4,19,57.99209803586855,0,0
1,50,2,26,57.1357089585919,1,1
0,43,2,23,50.602789915324344,0,0
1,24,3,3,76.2411067216262,0,0
0,31,1,7,65.32628276023941,0,0
0,42,1,21,37.195947245575304,0,0
0,37,2,16,68.0324806656184,0,0
0,33,1,13,68.98955251725606,0,0
0,23,2,2,62.83479585878234,0,0
0,45,4,22,69.44982279437626,1,1
0,56,3,30,46.69646451161419,0,1
0,51,0,30,89.6154775115004,1,1
0,51,3,30,70.70389139113884,1,1
0,56,2,30,38.39451675382067,0,0
0,40,2,16,64.91154351004836,0,0
1,29,3,6,71.10080299478172,0,0
1,47,2,23,48.30601887615427,0,0
0,28,1,6,73.00445418520157,0,0
1,51,1,28,90.21388434512998,1,1
1,28,2,7,55.33446409175706,0,0
0,24,2,4,71.42658043804916,0,0
1,22,1,0,68.12897898488295,0,0
1,57,2,30,79.52434999718572,1,1
0,46,2,22,63.36737143063787,0,0
0,58,3,30,48.99925060457196,1,1
1,22,0,0,78.5627337046206,0,0
1,36,1,13,49.89109113919785,1,0
0,58,3,30,92.13292066839416,1,1
0,34,0,12,73.4115402352275,0,0
0,29,2,8,56.01660895076952,0,0
0,26,2,2,81.62977418759387,0,0
1,30,3,8,64.86216448953671,0,0
0,22,2,2,61.67891658508965,0,0
0,57,4,30,54.78695935853353,1,1
1,56,3,30,36.82731500702244,1,1
0,23,0,0,74.06588855550241,0,0
0,44,3,21,40.5780985727359,0,0
1,30,1,10,53.100585022229325,0,0
1,55,3,30,71.49266830775416,1,1
1,35,2,14,57.48985397756728,1,0
1,25,2,4,67.35727806186422,0,0
0,51,4,28,46.7945702907552,1,1
0,52,4,29,59.773109402931475,1,1
1,59,4,30,67.45078557437282,1,1
0,32,0,12,50.727912260964175,0,0
0,56,4,30,90.2954521661288,1,1
0,29,0,6,55.43864130678909,0,0
0,24,4,3,85.67625182023858,0,0
0,35,0,12,62.482916828803,0,0
0,34,3,12,41.472866508779695,0,0
0,53,3,29,47.94648787106521,1,1
0,55,2,30,67.6411893339707,0,0
1,40,0,20,80.49163628837636,0,0
1,59,1,30,91.54665698938044,1,1
1,37,2,17,66.92328092889942,0,1
1,23,3,1,47.34134378758128,0,0
0,38,0,15,69.17727620817118,0,0
0,55,4,30,52.621779899597705,1,1
1,37,1,17,70.88287431791828,1,0
1,59,3,30,50.87788171391676,1,1
1,23,2,2,33.65644644245281,0,0
0,23,0,0,84.75283489429847,0,0
0,47,1,23,61.603749029821074,0,0
0,34,0,11,65.74490500724872,0,0
0,52,4,30,79.95052061359283,1,1
1,55,2,30,93.1827006399718,1,1
1,24,0,3,75.80120978223435,0,0
0,29,3,6,66.54502424305417,0,0
1,44,2,22,71.9430931416986,1,1
1,35,3,12,60.57825435070044,1,1
0,48,0,25,65.5417156773446,1,0
0,50,2,27,67.17295456788776,0,1
0,22,3,2,53.200621147953,0,0
0,38,4,17,65.31760380316815,1,1
0,51,4,30,70.50652778755895,1,1
0,34,0,13,72.75525346363325,0,0
0,42,2,22,71.55985673643971,0,0
0,40,1,18,44.91462172888439,0,0
1,40,2,17,83.43888413899485,0,1
0,46,4,24,82.19421841180724,1,1
1,43,3,23,63.557773876718166,1,1
0,52,1,30,71.83263042658152,1,1
1,38,0,15,61.75169349337238,0,0
0,44,1,20,76.279364942172,0,0
0,53,0,29,52.78592230799946,0,0
1,31,1,9,85.13690892936387,0,0
1,31,0,10,75.53311417726935,0,0
1,57,0,30,75.88150687353337,1,1
0,29,1,7,63.42420685361274,0,0
0,41,1,21,43.810722426009605,0,0
1,53,0,30,78.25902050181155,1,1
1,35,4,13,44.30657997646174,1,1
1,49,1,27,78.43958990336819,1,1
1,45,2,22,53.41809174751665,1,1
0,36,3,14,41.194270189540944,0,0
1,43,0,21,65.01499555570295,0,0
0,51,0,28,82.7420082580761,0,0
0,25,3,2,50.5159437737197,0,0
0,34,4,14,88.9855193659224,1,1
1,44,3,23,74.85110815746012,1,1
0,29,1,5,67.35139283548814,0,0
0,39,3,15,58.46563615641331,0,0
1,33,0,11,59.511539723077846,0,0
0,52,3,30,71.45250843126335,0,1
1,35,2,13,77.69061287778592,1,1
0,55,1,30,56.097556735218674,0,0
0,39,3,16,52.90230009072848,0,0
1,55,0,30,61.792597723672,1,1
0,32,1,12,85.90443013786016,0,0
0,33,0,10,46.74667489495299,0,0
0,36,4,15,82.13716467114158,1,1
0,52,2,30,65.63419747389699,0,0
1,50,4,30,40.20891285262078,1,1
0,47,2,23,58.07551397651476,0,0
1,39,3,16,74.1450210941041,1,1
0,53,1,30,92.02720917561142,1,1
1,43,3,23,45.08940914927648,1,1
1,59,2,30,22.71235285917113,1,1
1,38,2,14,45.35670776813095,0,0
0,44,2,22,81.95623261799759,0,0
0,45,0,21,38.0938743939737,0,0
0,29,1,7,87.45880836319081,0,0
1,27,3,4,83.2221342164288,0,0
1,26,3,3,67.86554363094137,1,0
1,50,4,30,55.60452034479458,1,1
0,49,2,26,65.82890938725714,1,1
1,32,2,12,74.16631028210152,0,0
1,22,2,0,71.87714697087948,0,0
0,40,3,17,91.09489059905158,1,1
0,30,4,6,61.09846325260255,0,0
1,48,0,24,45.48735539565503,0,0
1,55,1,30,42.84078939301813,0,0
1,25,0,1,39.840630979112746,0,0
0,57,3,30,67.94418383803409,1,1
1,39,2,16,61.484469489163146,1,1
0,36,1,13,65.48981904341407,0,0
0,34,3,12,56.94410688790725,0,0
0,40,3,16,48.34749711915984,0,0
1,27,3,6,74.21503826941179,0,0
1,33,1,10,28.054041502306223,0,0
1,58,1,30,52.976066483693955,1,1
0,38,4,18,76.79735239952586,1,1
1,44,4,21,51.48742359945445,1,1
0,47,0,24,70.87513129697746,0,0
1,50,1,29,52.99611356695303,1,1
0,54,1,30,58.16232689254569,0,0
0,48,1,26,73.62380773707197,0,0
0,46,4,23,45.83227524405301,0,0
0,31,3,7,76.17917495114519,0,0
1,44,2,24,65.68880738671649,1,1
1,42,4,22,83.84658301068545,1,1
0,42,1,18,68.12224957470109,0,0
1,34,4,11,48.95770069280979,1,1
0,58,0,30,90.91991632911854,0,0
1,54,1,30,50.210855827967634,1,1
1,45,0,21,61.59265873799087,1,1
1,32,1,11,79.3611339044266,0,0
0,38,4,15,36.801083379745435,0,0
1,25,3,1,86.59503470170809,0,0
1,46,2,26,47.736735615105296,0,0
0,51,0,28,58.175008702436415,0,0
0,30,4,8,69.33286856296513,0,0
1,42,3,19,64.37441215871898,1,1
1,41,4,18,76.83764087675681,1,1
1,40,0,18,40.98788643543424,0,0
1,40,2,18,75.91177030659075,1,1
1,33,4,10,77.10863581660296,1,1
0,58,1,30,80.4383874386884,1,1
0,38,3,14,41.15508842050384,0,0
0,58,4,30,42.96597149256467,1,1
1,49,3,27,59.86436525512233,1,1
0,56,1,30,44.587613280459486,0,0
1,39,2,15,37.94048150878245,1,0
1,35,2,14,59.21803914168252,0,0
1,56,1,30,68.51137042186647,1,1
0,28,3,8,100.0,1,1
1,34,4,12,73.23012731068536,1,1
0,39,1,17,91.28404999849728,0,0
1,58,0,30,64.33773370439634,1,1
0,34,3,13,73.3934898930094,0,0
0,57,2,30,62.80793456700838,0,1
1,52,1,28,100.0,1,1
0,23,2,1,54.71613704706413,0,0
0,37,3,16,56.75038549800214,0,0
1,30,2,10,76.94811031484306,0,0
1,30,1,7,68.11209355458989,0,0
1,59,3,30,58.63756994784326,1,1
1,32,0,12,79.40565723107235,0,0
1,43,1,19,64.38279252903317,0,1
0,54,4,30,64.27704908828917,1,1
0,57,1,30,68.45873461293337,0,0
0,44,3,24,38.988189657314926,0,0
1,55,1,30,41.10119012315846,0,0
1,30,0,9,81.30343418880211,0,0
0,45,0,23,54.84557493623743,0,0
0,29,4,6,63.00572977685457,0,0
1,28,2,8,89.1865795418439,0,0
0,57,3,30,63.68198816105623,0,1
1,39,3,18,61.84866778839258,0,1
1,24,2,1,78.44116384242935,0,0
1,49,0,25,56.0260262517071,0,0
0,27,0,5,83.04393843923059,0,0
1,42,1,19,78.1333687915472,1,1
1,49,4,25,92.45499792962504,1,1
1,22,4,0,54.64485435084201,0,0
1,57,4,30,85.5046196930362,1,1
1,42,1,19,73.3113816050589,1,1
1,56,4,30,45.11950424487467,1,1
0,34,2,11,26.05735363333017,0,0
1,31,1,11,53.02959676857006,0,0
1,31,2,9,69.38521711018629,0,0
0,34,1,11,71.5602189891171,0,0
1,58,4,30,64.11378402072403,1,1
1,59,2,30,64.24805951115451,1,1
1,45,2,25,63.11009749849715,1,1
0,23,2,1,80.46825700607536,0,0
0,43,1,20,43.45565452575392,0,0
1,38,3,15,69.02434786301417,1,1
1,57,4,30,52.65873086205438,1,1
0,35,2,15,51.40188402413848,0,0
1,31,3,7,82.64345845860254,1,1
1,56,4,30,50.25105384620086,1,1
1,46,4,26,62.90722649150207,1,1
1,24,2,2,94.37747602818492,1,1
0,59,2,30,77.57115452122513,1,1
0,38,1,16,58.17544530559433,0,0
0,33,3,12,59.41440412391179,0,0
1,45,3,24,46.591956520125606,1,1
0,50,2,29,84.50967863399077,1,1
0,46,4,26,80.17027711881602,1,1
0,57,2,30,75.29903410804671,1,1
1,47,4,25,76.95249417213708,1,1
1,59,4,30,53.38213085903865,1,1
0,22,2,1,41.78131335896224,0,0
0,41,0,19,73.40810637955714,0,0
1,49,3,28,78.32836810432092,1,1
0,37,4,16,89.10570024690445,0,1
0,38,4,15,61.98664690589857,0,0
0,49,0,29,59.798730821295216,0,0
0,33,1,9,61.41109692995816,0,0
0,48,0,28,75.06115738149332,0,0
0,51,0,29,60.7686607598713,0,0
0,55,4,30,64.2164136985499,1,1
1,58,3,30,77.4657933685843,1,1
0,27,0,5,55.61245767149397,0,0
1,28,1,4,85.86730978132645,0,0
1,53,2,30,74.49633510989864,1,1
0,53,0,29,37.13569055989527,0,0
1,46,0,26,57.26968705207453,0,0
0,54,1,30,34.634847526908366,0,0
1,28,3,7,62.049809025698,0,0
0,33,0,12,57.52533343819197,0,0
0,37,0,15,77.52282138800282,0,0
0,37,3,13,51.78472476566999,0,0
1,57,1,30,70.81602502901735,1,1
1,34,0,10,73.5327141420265,0,0
1,28,3,6,68.85792278342021,0,0
0,57,0,30,82.10185372658793,0,0
1,30,2,7,96.02433276262812,1,1
0,53,4,30,66.67912914048601,1,1
1,32,2,12,71.07769275335552,0,0
0,29,0,6,51.79584569251835,0,0
0,54,1,30,49.70714878965136,0,0
0,44,4,23,80.50744475499091,1,1
0,46,2,26,78.52288259155037,1,1
1,29,3,9,49.55570188743105,0,0
0,43,1,23,45.37669186235791,0,0
1,25,2,4,55.26894792979115,0,0
0,24,3,4,62.87933045848834,0,0
1,50,0,29,58.86310387275134,0,0
0,50,3,27,67.4077230249838,1,1
0,55,2,30,78.75593768558909,1,1
1,55,2,30,71.93156568132407,1,1
0,49,0,25,73.04181496526185,0,0
0,34,3,11,28.226954083866836,0,0
1,36,3,12,40.79145469821376,0,0
1,44,0,20,53.05314788530914,0,0
0,47,3,25,55.5290952776074,0,0
0,25,0,1,77.59741752408851,0,0
1,47,1,23,51.81647852797803,0,0
0,30,2,8,75.00391492036053,0,0
0,26,1,6,53.22341391790553,0,0
0,53,4,30,46.98673568910777,1,1
1,41,4,19,47.683255114343126,1,1
1,32,4,11,98.87399739933834,1,1
0,36,0,12,52.88952547235009,0,0
0,53,3,29,75.36480813290511,1,1
0,49,1,27,41.627023553746994,0,0
1,43,1,21,86.28393506268102,1,1
0,38,1,17,70.2356171759557,0,0
0,47,1,27,69.10968303189331,1,0
1,28,4,5,71.20740984714979,1,0
0,47,1,27,72.85999586668026,1,0
1,46,3,22,77.1360088826732,1,1
0,31,4,9,56.01353872686458,0,0
0,40,1,19,55.136175593418166,0,0
0,32,0,12,65.73835817072101,0,0
1,34,2,13,75.26641640627463,1,1
1,29,2,9,64.00016785666266,0,0
1,25,2,1,76.60852693698655,0,0
0,52,4,29,74.26755174052876,1,1
1,49,1,28,61.7452510787596,1,1
0,32,4,11,38.792300453287254,0,0
0,22,3,0,57.44708081969133,0,0
1,59,0,30,91.14195850714512,1,1
0,45,0,24,70.1008947605855,0,0
0,52,2,30,55.40674803094861,1,0
0,47,2,27,68.75977366411848,1,1
0,26,2,3,75.14966102491702,0,0
0,41,1,17,55.4140158582255,0,0
1,32,3,11,83.53075841182844,1,1
0,54,3,30,72.43547031745476,1,1
1,59,3,30,48.501368402414904,1,1
1,48,3,25,77.8454942981356,1,1
0,55,2,30,58.85579922803457,1,0
0,36,0,15,62.31304360541592,0,0
0,53,2,30,49.76046954547833,0,0
1,42,3,19,74.47169619034746,1,1
0,26,2,5,62.76702159956868,0,0
1,27,3,3,75.10635431750914,1,0
0,59,4,30,56.735264164016456,1,1
1,43,0,19,55.01895068194882,0,0
0,39,4,16,53.803443926033744,0,0
0,35,1,12,70.94048269314392,0,0
1,31,2,7,54.79475263245896,0,0
1,34,1,11,61.9533102691038,0,0
0,52,2,30,57.223595190405014,0,0
1,51,4,28,71.60125887346514,1,1
0,24,3,4,38.97046330093533,0,0
1,51,3,30,68.70549305335008,1,1
1,27,2,5,90.9701478364371,0,0
0,50,3,27,83.54039163100546,1,1
0,29,4,6,55.75020317039792,1,0
0,54,3,30,72.41902664247476,1,1
1,38,4,18,69.50848209259858,1,1
1,32,1,8,87.04088094743206,0,0
0,34,4,10,27.348276165158484,0,0
0,32,0,8,81.69301053402747,0,0
1,52,0,30,60.987234908541936,1,1
1,49,0,25,53.851565908243735,0,0
1,27,2,3,53.42296956808062,0,0
0,37,2,15,45.5014052568308,0,0
0,25,2,1,55.788223887890965,0,0
0,56,4,30,48.80398919102907,1,1
1,47,2,27,67.70325755760977,1,1
0,33,1,12,73.8490644849257,0,0
1,32,0,10,61.151398855424574,0,0
0,58,4,30,87.49584809384247,1,1
1,46,0,26,56.773680718145926,0,0
1,39,2,16,60.36706366405111,1,1
1,40,4,16,57.90589035607364,1,1
0,44,3,21,73.97928310871592,1,1
0,59,1,30,75.49360254277833,1,1
0,39,2,15,72.43050325956645,0,0
1,47,2,27,63.138370190937955,1,1
1,27,1,3,44.890657113831665,0,0
1,25,1,3,60.2083912878424,0,0
1,50,3,28,87.17209570850797,1,1
1,55,2,30,80.1985683115248,1,1
0,38,2,18,69.4107559503008,0,0
1,37,0,14,59.23321914322335,0,0
0,23,4,2,64.79572283998213,0,0
0,55,4,30,59.29993641446429,1,1
1,29,0,8,82.8957753212532,0,0
0,34,4,11,52.41549502409877,0,0
0,29,1,6,78.85503923445467,0,0
1,51,4,30,57.06196142511849,1,1
0,53,4,30,84.81390245542987,1,1
1,57,0,30,71.4016388571201,1,1
0,51,3,28,53.75918900082696,1,1
0,22,4,2,60.36031379746989,0,0
0,38,4,18,75.67460910084989,1,1
0,41,3,17,57.51285764638911,0,0
1,45,0,23,65.33204728071809,0,0
0,43,3,20,57.30583746276583,0,0
1,50,0,29,91.3867572237282,1,1
0,43,1,21,93.96607839426996,0,0
1,30,0,6,86.94685930087586,0,0
1,58,1,30,63.134390522992504,0,1
1,31,1,8,58.95871029939548,0,0
0,57,0,30,53.31254630728806,0,0
0,58,2,30,88.0358193620466,1,1
0,49,0,25,78.96085566051754,0,0
1,49,4,25,79.6814132226101,1,1
0,42,4,20,61.25108094678662,1,1
0,45,2,24,38.63153773613138,0,0
1,23,1,0,42.08063585688855,0,0
0,29,2,6,65.86451094353764,0,0
1,48,4,24,57.15988615450497,1,1
0,43,2,22,55.43448058411053,0,0
0,58,0,30,70.17722560592937,0,0
1,48,2,28,80.20489744789238,1,1
0,50,1,28,54.48159397104876,1,0
1,24,0,3,45.41585471515733,0,0
0,34,3,10,54.8379323678341,0,0
0,31,4,7,49.34054056172101,0,0
1,57,4,30,73.89248923888984,1,1
1,30,2,10,64.93836868685118,1,0
1,48,0,25,93.2073384235334,1,1
0,55,3,30,76.02027679457393,1,1
1,22,0,0,92.20784205497247,0,0
0,53,4,29,43.94186960138576,1,1
0,46,0,23,20.0,0,0
1,50,3,27,68.64488042653102,1,1
0,28,2,6,66.8483036148816,0,0
1,24,1,4,63.158218781780946,0,0
0,41,0,18,66.43695088444467,0,0
0,41,1,17,48.13960722904088,0,0
1,51,4,30,73.44768046826675,1,1
1,56,2,30,76.04289860153506,1,1
1,56,2,30,47.00376924495339,1,1
1,48,0,26,59.69545368726064,0,0
1,47,2,23,60.62204226290359,1,1
1,35,0,13,54.937836467595815,0,0
1,38,0,17,47.58331414800168,0,0
0,39,1,16,65.18757486538136,0,0
0,50,2,27,68.91208280996449,0,1
0,41,0,21,55.84726836853557,0,0
1,48,1,25,48.63817103365314,0,0
1,39,3,15,71.15835867562059,1,1
0,25,1,4,53.49019287146517,0,0
1,22,1,0,60.36191729601192,0,0
1,22,0,1,58.4588505776267,0,0
0,47,4,24,83.68562996254492,1,1
1,41,4,19,54.17854303919573,1,1
1,44,4,24,90.88289868513476,1,1
0,31,1,10,76.28452907212261,0,0
1,32,0,10,92.31348013684028,0,0
0,26,2,4,74.9695824436951,0,0
1,22,1,0,61.68433328446744,0,0
1,38,1,14,51.239505062717086,0,0
1,43,0,22,59.668829138385895,0,0
0,55,3,30,87.30921537834841,1,1
1,50,1,29,64.28091811482672,1,1
1,25,3,3,74.91379080732662,1,0
0,26,3,6,68.10457017598989,0,0
1,32,4,12,68.74491767763861,1,1
0,42,0,22,69.32239525947372,0,0
1,56,3,30,72.43012230248678,1,1
0,33,0,11,52.788387633637846,0,0
0,47,4,24,60.87643593640708,1,1
0,40,0,19,69.6396999952451,0,0
1,28,1,5,67.45230833750294,0,0
0,28,3,7,58.081930945816495,0,0
1,47,0,26,71.24901372141657,1,1
0,26,2,5,53.43287965164171,0,0
0,42,0,19,46.65490746595595,0,0
1,35,3,13,69.42478651833716,1,1
1,25,4,2,47.02262393718864,0,0
0,44,4,22,69.20186003629453,1,1
1,41,3,19,35.679785066018695,0,0
1,36,1,15,54.12518241264801,0,0
1,50,1,27,60.08634630426327,1,1
0,29,4,7,40.90047238073509,0,0
0,40,4,20,59.409915906902405,1,1
1,49,3,27,82.77529456928617,1,1
0,48,1,28,45.94536909674666,0,0
1,25,4,2,59.81940131717974,0,0
1,36,1,13,90.539670040583,1,1
1,56,4,30,49.07208705483848,1,1
1,58,0,30,85.95835027600808,1,1
1,22,2,0,60.81492079931056,0,0
0,24,0,2,66.52868128824373,0,0
1,45,4,23,84.37223347114077,1,1
0,48,2,27,57.72353091048471,0,0
0,57,2,30,74.46538510105228,1,1
1,55,4,30,78.26895660088381,1,1
1,50,4,30,55.237789891369,1,1
1,45,1,24,53.57854749351807,1,1
1,45,4,23,61.570953565265505,1,1
0,25,3,1,62.040269882581406,0,0
0,24,4,4,48.81578031363217,0,0
1,55,3,30,55.375992519979526,1,1
0,44,4,22,20.0,0,0
0,44,1,22,59.98590975058391,0,0
0,26,3,6,78.41591270451976,0,0
0,52,0,30,39.99966297838176,0,0
0,27,3,6,58.052832026847,0,0
0,58,1,30,100.0,1,1
0,31,3,8,64.66159937999699,0,0
0,28,4,8,85.35191551711956,0,0
1,59,4,30,49.82127017463204,1,1
0,42,1,21,71.73227608658338,0,0
0,41,2,20,47.266726549374674,0,0
1,24,4,0,71.01596922416427,0,0
0,43,0,19,77.63372352139675,0,0
1,25,1,3,74.07463768294514,0,0
1,49,3,27,59.82594011402724,1,1
0,33,3,13,69.12400349026836,1,0
0,59,0,30,69.26737903114243,0,0
1,57,4,30,74.98984483182728,1,1
1,26,1,3,63.1434957769012,0,0
0,34,0,10,78.96708200352852,0,0
1,44,4,22,86.51908098944087,1,1
0,51,1,27,60.231988299425,0,0
1,58,3,30,65.69659591912941,1,1
0,46,1,24,51.42777824282432,0,0
1,48,2,25,70.10385985736401,1,1
1,35,1,13,70.19956591671192,0,0
1,57,2,30,65.86979577550554,1,1
1,37,1,16,67.00099481451905,0,0
0,43,2,22,93.8273958361128,1,1
0,42,3,22,21.699157939047858,0,0
0,42,4,19,57.55014683060794,1,1
0,29,2,6,59.8441448286188,0,0
1,37,2,17,86.85368919431451,1,1
0,52,3,28,72.12933213977871,0,1
0,31,2,10,72.49528754207235,0,0
1,53,0,30,83.89784286354687,1,1
1,55,3,30,62.30064947295079,1,1
1,30,0,8,74.78489803742347,0,0
1,38,3,16,57.038511677699645,1,1
0,32,2,9,49.200405112318066,0,0
0,53,0,30,91.91250480954484,0,0
1,31,2,8,70.53547594646196,1,0
1,43,3,21,74.66993892311903,1,1
0,38,2,14,48.79737972851999,0,0
1,25,0,2,72.65528968792832,0,0
0,46,0,25,91.67349120307756,0,0
0,42,2,21,60.83824897423408,0,0
1,58,1,30,46.16300838232094,1,1
1,59,3,30,67.75964290481167,1,1
1,22,3,1,49.461546421845576,0,0
0,46,2,25,41.63301955293466,0,0
1,57,1,30,53.97851457888822,1,1
0,38,0,15,57.61103307835996,0,0
0,45,4,23,50.191253081735624,1,1
1,23,4,0,84.89700173207841,1,1
1,36,2,14,93.34415006959212,1,1
1,53,1,30,74.27132024311149,1,1
1,27,1,7,70.76293238154591,0,0
1,22,3,0,62.869278309333325,0,0
1,44,0,23,51.555007788304046,0,0
0,38,1,16,89.04365346610453,0,0
0,55,4,30,64.05719754364483,1,1
0,50,0,27,58.061217919002495,0,0
0,30,0,9,80.22134936004804,0,0
1,34,2,11,63.8962371517938,1,1
0,27,1,7,79.65941364637219,0,0
0,27,2,7,58.85376940196685,0,0
0,41,1,20,80.2645538818051,0,0
1,24,3,2,79.69650825412046,0,0
0,38,2,17,84.8724263298514,1,1
1,33,2,13,54.3586274060976,0,0
0,22,4,0,63.75440845431515,0,0
0,38,2,14,94.21655118404372,1,1
1,24,1,1,61.303818813433224,0,0
1,47,4,24,77.16538697048715,1,1
0,36,2,12,99.35847526432885,0,0
1,57,2,30,37.264382061988066,0,0
1,53,3,30,60.80666543042637,1,1
0,53,2,30,65.02805275837814,1,1
1,25,0,4,38.01682011089156,0,0
1,39,4,19,58.16043173029186,1,1
1,40,0,17,50.42928084418901,0,0
1,56,4,30,77.86528202526266,1,1
1,35,3,12,39.01028967308603,0,0
1,54,2,30,93.3398393297082,1,1
1,35,2,14,75.34846119886917,1,1
1,55,2,30,49.19267629659442,1,1
1,25,4,4,80.39629182307966,1,1
1,45,2,25,73.95469510276267,1,1
1,50,0,28,64.41848562813988,0,0
0,40,2,19,54.178146761362,0,0
1,27,3,4,73.21494923011225,1,0
1,54,0,30,66.84380548621894,1,1
0,40,2,19,54.66139231602224,0,0
1,22,2,0,44.8511735885574,0,0
0,26,1,5,52.24116468744299,0,0
0,48,4,26,57.45053216544162,1,1
1,37,0,15,82.43730926287212,1,0
0,27,1,7,77.91138424635862,0,0
1,34,3,11,58.24898698528887,1,1
1,56,4,30,58.8320906046141,1,1
1,40,0,18,79.8702841932755,0,0
0,33,2,10,69.01020124137894,0,0
0,37,0,13,68.80122139811449,0,0
1,31,2,9,54.449368917585225,0,0
1,46,4,23,63.14871714427782,1,1
1,41,2,17,65.06392500828632,1,1
0,52,3,30,63.632123795394335,1,1
1,25,2,2,76.01101867783794,0,0
1,44,3,20,76.48030759124075,1,1
1,23,4,2,51.215632479506944,1,0
0,43,4,22,57.49678226373684,1,1
1,58,0,30,54.68939700169555,1,1
1,29,3,7,85.82788649165322,0,0
1,28,3,6,98.8023579464876,1,1
0,35,1,12,58.04567937294633,0,0
1,24,1,3,62.49357131664676,0,0
1,37,1,15,77.63472246795997,1,1
0,40,2,18,54.39183381155416,0,0
1,39,1,18,77.97362491373715,1,1
1,37,3,17,64.68696105406681,1,1
0,29,2,7,38.843904455750554,0,0
0,54,4,30,45.49349629442458,0,1
1,33,0,10,59.93218899123813,0,0
0,32,1,10,83.34422832186269,0,0
1,26,4,4,51.61198102416533,0,0
0,48,3,28,56.988490980380526,0,1
1,33,0,9,68.16686340173896,0,0
0,38,4,15,39.96852565908488,0,0
1,27,0,5,69.47829921586471,0,0
1,54,1,30,41.84389870851347,0,0
1,26,3,5,73.50776314192679,0,0
1,49,0,27,52.86832876643908,1,0
0,35,4,13,50.86926289677777,0,0
1,26,1,5,69.09194936797691,0,0
0,54,1,30,76.90985764251599,1,1
0,40,4,18,70.6438978408578,1,1
0,43,4,20,68.11465249775534,1,1
0,26,0,2,68.32703314125847,0,0
1,23,2,0,70.73482831642492,0,0
1,51,1,30,71.72054294072757,1,1
0,25,0,1,59.0857842489957,0,0
0,54,4,30,74.8175442317111,1,1
1,34,0,11,53.027146622282,0,0
0,41,4,20,81.37089895432062,1,1
0,28,3,8,76.73665473182723,0,0
0,36,4,15,97.71351506877062,1,1
1,44,4,20,72.70772676958354,1,1
1,35,4,14,78.63649529821384,1,1
0,44,2,24,41.59192567981094,0,0
0,40,4,18,79.12545113458584,1,1
1,50,1,28,82.64684033546396,1,1
1,41,1,17,87.57081940082676,1,1
0,50,0,28,66.80699528512248,0,0
1,45,2,24,59.87159935837985,1,1
0,39,0,15,48.65727837085068,0,0
0,31,1,11,50.02946057199442,0,0
1,29,1,5,64.61589988166425,0,0
0,47,3,23,38.72843004194253,0,0
1,50,4,27,53.47672087878052,1,1
0,31,1,8,66.34283076140977,0,0
0,38,0,14,66.00805179065317,0,0
1,23,0,1,50.45909369943755,0,0
0,27,4,4,46.49205034312045,0,0
1,26,4,6,48.73231315420975,0,0
0,49,3,28,61.68721761792695,1,1
0,26,2,3,96.94695714624898,0,0
0,39,0,15,80.90508629100908,0,0
1,47,4,25,68.21291605826362,1,1
0,41,0,20,73.30836148015553,0,0
1,48,4,25,80.23797310820213,1,1
0,33,1,11,75.13427976393486,0,0
1,28,0,6,60.376850398591145,0,0
0,24,1,2,52.31617690142692,0,0
1,31,0,7,63.120887439116935,0,0
1,55,2,30,80.06362500367881,1,1
1,46,3,24,60.94413236833638,1,1
1,56,1,30,48.429865562935255,1,1
1,37,4,14,39.14828010838516,1,1
1,23,2,2,63.18453857482683,0,0
0,45,0,21,49.615366361932374,0,0
0,31,1,7,58.45226170435599,0,0
1,59,0,30,86.84348793279982,1,1
1,43,0,23,64.1922543312959,0,0
1,47,0,23,53.743088378768334,1,0
0,48,3,24,69.63126921487803,1,1
0,50,3,29,93.81432000620374,1,1
0,59,4,30,63.18955627389462,1,1
1,41,1,21,29.66710546022043,0,0
0,48,2,28,74.75114864788969,1,1
0,41,2,21,70.19645091390255,0,0
0,40,2,17,66.3518353324359,0,0
0,41,0,21,61.71234112008548,0,0
1,56,3,30,52.890917376728275,1,1
0,23,1,0,87.72461335900786,0,0
1,51,0,29,37.42535997936429,0,0
0,55,3,30,60.36558378782391,1,1
0,43,3,23,60.0148974262119,0,0
0,24,1,0,77.80162703595789,0,0
0,27,1,6,83.53490968075616,0,0
0,36,1,12,61.59899284958761,0,0
0,48,0,25,67.8944877840303,0,0
1,31,4,7,69.16980221715858,1,1
0,30,1,6,80.79989359114376,0,0
1,54,4,30,80.49095671044597,1,1
1,53,0,30,56.92379683251603,0,1
1,27,4,5,71.56852102154465,0,0
0,57,2,30,70.74877688709296,1,1
0,23,4,0,63.26135079725197,0,0
0,50,1,26,70.60672601048239,0,0
0,25,0,1,65.30281642814337,0,0
1,22,1,0,67.36835898671731,0,0
0,40,2,16,44.65990532431252,0,0
0,47,1,25,51.23057941897056,0,0
1,46,1,25,77.26633264359788,1,1
1,31,1,11,46.841181847713216,0,0
1,36,3,13,72.0516381379354,1,1
0,43,2,19,63.77861028461823,0,0
0,42,1,21,80.45982093994746,0,0
1,43,1,23,74.73200813145029,1,1
0,57,1,30,58.20081244314747,1,0
0,55,0,30,61.65127478192675,0,0
0,51,3,30,35.21693278159872,0,0
0,46,0,25,63.04402827210907,0,0
0,49,3,27,45.947768860937146,1,1
0,22,1,1,61.719404629871654,0,0
1,25,2,4,55.43122649066195,0,0
1,28,4,8,51.85056197165778,1,0
1,30,4,8,82.8158676818032,0,1
0,57,1,30,45.85683654489419,0,0
0,40,0,17,50.554023298822315,0,0
0,22,2,2,54.52683434914881,0,0
1,31,3,9,57.78322911694113,0,0
1,57,1,30,51.84832232792684,1,1
0,30,2,8,59.61277261540561,0,0
1,53,2,30,69.53231475228297,1,1
0,53,3,30,75.04788137043448,1,1
1,27,2,3,74.31961936115378,0,0
1,59,0,30,36.37696132503403,0,0
1,38,0,15,70.70293840267156,0,0
1,31,0,11,71.6284773906969,0,0
1,48,2,28,55.06401284433236,1,1
0,56,0,30,90.01526309460708,1,1
1,42,3,18,81.3149934772188,1,1
0,46,2,25,62.25463425288434,1,0
1,49,4,25,56.06047542097651,1,1
1,36,2,13,89.77166691414439,1,1
1,25,3,5,64.71479393210818,0,0
0,50,4,30,66.27555586490611,1,1
1,30,2,7,66.08684895688774,0,0
1,48,0,27,99.54656706823972,1,1
1,47,1,26,61.75227103839441,1,1
0,40,1,18,64.64537034801775,0,0
0,49,0,25,52.53406005501711,0,0
0,38,1,17,59.157508366045406,0,0
0,41,1,18,49.52911708570253,0,0
1,44,0,23,52.83900120450317,0,0
0,53,0,30,37.85072513288405,0,0
1,54,2,30,78.22286856468152,1,1
0,26,2,4,67.3511950637887,0,0
0,55,0,30,68.5866393842123,0,0
1,32,3,12,64.21342540200698,1,1
1,24,1,4,66.07649026276013,0,0
0,54,2,30,89.28708606875655,1,1
1,32,1,12,53.46840812247889,0,0
1,37,4,14,69.17535197418773,1,1
0,39,0,17,69.09486714237514,0,0
1,51,3,30,82.12983842593637,1,1
1,31,4,11,71.57982218830627,1,1
1,39,4,18,72.33378267241027,1,1
0,59,4,30,46.125956441902154,1,1
1,40,0,16,52.86646472442528,0,0
0,57,2,30,47.49667393904611,0,0
0,34,0,12,27.86192303767917,0,0
0,24,2,2,70.95799004161456,0,0
0,31,4,11,61.07556740137981,0,0
1,59,4,30,70.98607532869539,1,1
1,22,3,0,65.53233920803251,0,0
1,48,2,24,68.60654472805415,1,1
0,29,4,8,85.07173117657554,0,0
0,38,1,16,65.1094263391393,0,0
0,30,3,6,75.03483827155739,0,0
1,27,0,3,60.46634470948886,0,0
0,46,3,23,77.37182180018388,0,1
1,49,1,28,46.40543517920329,1,1
1,54,2,30,37.436656977500704,0,0
0,58,0,30,96.59990707496654,1,1
1,30,0,7,92.54456228469866,0,0
0,39,2,19,35.81728255330432,0,0
1,42,3,18,64.45830011035584,1,1
1,23,4,1,67.24874514617963,0,0
0,59,3,30,75.84457372952583,1,1
0,57,1,30,91.0881334482685,1,1
1,58,4,30,49.078846219713235,1,1
1,36,3,12,49.88477261726828,0,0
0,49,2,27,64.98243235713178,1,1
1,39,1,19,50.546329491717934,0,0
1,55,1,30,24.287948322342903,0,0
1,43,1,19,61.59139902837664,1,1
0,32,4,11,77.86315860735036,0,0
1,34,0,11,64.69298921692022,0,0
1,25,4,4,74.36067888724703,1,1
0,43,3,22,72.21509305931377,1,1
0,28,0,7,49.59521561912048,0,0
1,45,3,21,66.02032316568582,1,1
0,25,0,1,42.122590264414846,0,0
1,49,4,26,57.321340077721935,1,1
0,36,1,15,65.75679776677899,0,0
0,22,2,0,64.98271000567891,0,0
1,24,1,1,45.635976847841434,0,0
0,35,4,12,48.66506770691671,0,0
1,59,0,30,69.36439444486844,1,1
0,22,1,0,77.4109015295495,0,0
1,59,4,30,61.895487597651545,1,1
0,59,3,30,61.14459981120169,0,1
0,42,2,19,78.96914000004384,0,0
1,50,1,26,53.41900828959104,0,1
0,26,0,6,90.90544349156175,0,0
1,31,3,8,44.82090943025377,0,0
0,49,4,25,80.72744497233191,1,1
1,42,2,19,73.08751766229587,1,1
0,28,0,7,100.0,0,0
1,24,4,2,48.18246019426838,0,0
0,41,4,18,29.98965712098544,0,0
0,40,1,16,83.74169550943087,0,0
0,56,1,30,42.92999739020323,0,0
0,25,0,5,74.23664738207133,0,0
1,26,4,5,82.73226620940886,1,1
0,22,1,0,70.69641147076628,0,0
1,25,2,4,68.48271329753291,0,0
0,33,2,13,71.01410052210417,0,0
0,48,4,24,77.56132840057016,1,1
1,44,1,21,73.80602727144526,1,1
1,46,0,24,46.751242898132666,0,0
0,42,0,22,92.37499582773776,0,0
0,45,0,23,65.76662052315353,0,0
0,46,2,25,72.77512379719256,0,0
1,53,1,30,75.66483526290294,1,1
1,53,1,30,82.33891702821929,1,1
0,26,2,3,80.78160233711952,0,0
1,57,0,30,66.97605239671239,1,1
1,37,0,15,66.01199726877185,0,0
1,54,4,30,71.12916474453344,1,1
1,42,3,20,81.500915089302,1,1
0,30,1,9,48.310674727506736,0,0
0,27,1,4,74.6614313336294,0,0
0,56,1,30,51.70516092506003,0,0
0,43,3,20,92.76820287502206,1,1
1,26,4,2,70.50971251976716,0,0
1,44,3,20,58.759586380236975,1,1
0,38,0,18,71.43074902503344,0,0
0,33,0,11,65.1380248652968,0,0
0,44,1,22,62.597195565013585,0,0
1,37,2,16,37.86162115388374,0,0
0,24,1,1,49.63710495233427,0,0
1,51,2,27,62.89320350776229,1,1
0,43,3,22,39.67468790479395,0,0
0,30,0,9,56.19235553963569,0,0
1,50,2,26,57.50187855819462,1,1
1,58,3,30,53.308360598931024,1,1
0,44,0,21,76.58532220496961,0,0
1,34,2,12,51.797460221027926,0,0
1,53,1,30,66.32613218114845,1,1
1,44,1,21,59.70254061514138,0,0
0,38,1,18,63.21804105301798,0,0
1,42,3,21,89.09601128976696,1,1
0,23,1,1,67.69529527749762,0,0
1,58,4,30,70.59549337289432,1,1
0,27,0,5,53.518743691803984,0,0
0,39,3,15,74.39224515943457,0,0
0,51,1,30,73.75954860271752,0,0
1,43,0,20,72.31413000558067,0,0
0,54,2,30,46.862347731760224,0,0
1,51,1,29,56.2212917304786,1,1
1,38,0,14,86.50370095352437,0,0
0,53,4,30,54.68383301469096,1,1
1,35,2,14,88.54982038631945,1,1
0,31,4,11,56.804051344243895,0,0
1,57,0,30,67.22324231079233,1,1
0,55,4,30,62.19246148613803,1,1
1,30,0,10,52.327920767275046,0,0
1,49,0,27,52.54386530645475,0,0
1,32,4,10,54.436354902653974,0,0
1,35,0,12,67.22096422174363,0,0
0,40,1,20,78.35626285992906,0,0
1,36,0,14,66.24734979070993,0,0
1,49,3,27,64.49932645181676,1,1
1,45,0,22,83.15567083013445,1,1
0,29,3,8,65.6200726544947,0,0
1,30,0,8,56.85704592332979,0,0
1,54,0,30,50.033883820448,0,0
1,54,4,30,84.05670925487927,1,1
0,40,1,19,60.05903734756546,0,0
1,24,1,4,56.32139308439197,0,0
0,31,2,8,55.02435164640911,0,0
1,22,4,0,83.21285833231593,1,1
0,50,4,26,56.405390100976625,1,1
1,55,1,30,79.8569413651264,1,1
1,34,4,14,61.54388134385796,1,1
0,22,1,2,46.87429503459615,0,0
1,55,4,30,60.01262459270149,1,1
0,50,0,26,64.50810298328089,0,0
1,34,1,11,63.27243810842976,0,0
1,50,1,26,62.90024445685797,1,1
1,45,3,25,60.17082585242272,1,1
1,47,4,23,53.22485060446057,1,1
1,38,4,15,65.16106345661291,1,1
0,28,1,6,73.11422631091888,0,0
0,34,0,10,43.06106359100431,0,0
1,26,0,5,84.48593327078311,0,0
1,47,0,25,20.0,0,0
1,24,4,3,66.12872862149524,0,0
1,28,3,7,71.99130403210138,0,0
0,22,1,1,55.94970785157464,0,0
1,38,2,14,33.11247843544129,0,0
0,46,3,26,63.549138498619286,1,1
1,24,2,2,67.54543886905151,0,0
0,36,3,13,47.76921898135701,0,0
0,50,0,30,52.54799884129311,0,0
0,53,4,29,79.44068144095675,1,1
0,47,2,26,66.76522639552664,1,1
1,37,3,14,42.36984516106038,1,1
0,46,4,24,71.74744876632697,1,1
0,49,2,29,51.04221752032448,0,0
0,30,1,10,53.37856350760027,0,0
0,22,3,0,67.96486089021197,0,0
0,50,1,26,66.56735041428702,0,0
0,43,0,21,58.96090188261753,0,0
1,37,1,14,57.43685938127221,1,0
1,28,1,7,61.238014419125825,0,0
1,35,3,13,53.29109760391051,0,0
0,50,0,30,81.33518377666314,0,0
0,40,1,17,41.462094514873016,0,0
1,40,4,20,61.38682108140012,1,1
1,23,2,3,43.108923899321766,0,0
0,36,1,16,79.04002620917782,0,0
0,24,0,0,61.36534499019538,0,0
0,32,1,12,49.14997110678331,0,0
0,51,2,30,75.27571439392528,0,1
0,39,0,18,30.621039848915895,0,0
1,23,3,1,69.21326037708482,0,0
1,53,0,30,82.26933782806621,1,1
1,29,3,9,67.69315336794169,1,1
1,43,0,20,57.402343298238755,0,0
1,27,2,3,46.36727057285942,0,0
1,33,2,11,81.23771953133762,1,1
1,57,0,30,78.91132786463452,0,1
0,36,1,13,55.31957253663468,0,0
0,49,2,25,55.72043729585708,0,0
0,39,3,17,82.80150650339975,0,0
1,23,3,1,72.97419720182816,0,0
1,34,4,14,38.2012349043388,1,1
0,36,3,14,62.06446392945512,0,0
1,41,4,18,61.51165328333255,1,1
0,50,0,28,68.71451708944407,0,0
1,50,0,29,65.09069023902958,0,1
0,24,0,1,57.309332573416725,0,0
0,40,1,16,67.67539478539817,0,0
0,24,1,0,58.283335057299205,0,0
0,35,4,15,100.0,1,1
0,25,3,5,66.84091851520304,0,0
0,32,3,11,64.77950796306497,0,0
1,52,0,28,92.64211337467344,1,1
1,53,2,29,44.53484909833545,1,1
0,48,1,24,63.35040688874777,0,0
1,51,1,27,50.7559536949359,1,1
1,23,0,1,74.52515084765133,0,0
0,30,1,7,57.58475776732801,0,0
0,49,0,26,73.70140602799621,0,0
0,52,4,30,72.62076497651813,1,1
0,55,3,30,76.70558392985112,1,1
1,36,2,12,72.86778188782934,0,0
0,46,3,22,61.63940909217475,0,0
1,57,3,30,44.0352093984652,1,1
1,29,4,9,80.13627411519896,1,1
0,30,1,9,86.13541136997735,0,0
1,58,2,30,50.93197533062594,1,1
0,53,1,30,76.03816042419031,1,1
1,38,3,16,47.444558786216206,0,0
0,56,0,30,68.05148262142846,1,0
1,58,3,30,71.14130729312497,1,1
1,40,1,18,58.60670339292989,1,1
0,50,3,26,66.42607155339614,1,1
1,28,0,8,77.72304757245823,0,0
1,49,4,28,63.35875242123484,1,1
1,30,1,10,54.87293743159703,0,0
1,49,3,26,46.643311808414914,1,1
1,27,1,7,59.13853450618385,0,0
0,50,4,26,47.379176281863664,0,1
0,38,3,18,59.3392396754084,0,0
1,37,3,13,58.02136304855617,0,0
0,44,1,21,77.06157454943781,0,0
1,52,1,30,66.10212524315466,1,1
1,24,0,3,100.0,0,0
0,42,4,21,34.796161452385476,0,0
0,47,0,26,69.7005714757817,0,0
1,57,3,30,58.22665571750733,1,1
0,58,1,30,50.65939069273331,0,0
1,43,3,23,64.55345758135745,1,1
0,33,3,9,63.430746014585594,0,0
1,34,2,11,81.16719226019048,1,1
0,32,2,11,66.36887670204504,0,0
1,37,3,13,54.60797618421847,1,0
0,29,1,8,70.01315845550481,0,0
1,23,3,0,61.55522654432723,0,0
0,51,2,30,48.117821823189395,0,0
1,51,1,30,61.271819457308354,1,1
1,33,3,13,68.46413116110033,1,1
0,31,4,10,66.0842364534822,0,0
0,32,4,10,69.95469581947823,0,0
0,36,3,12,57.102721864892125,0,0
1,37,1,15,69.76417942150916,0,0
1,38,3,14,66.80173719226124,0,1
1,47,3,24,66.92344075660314,1,1
0,23,2,2,65.4853482924003,0,0
0,33,4,10,97.64139815353946,1,1
1,47,2,24,81.65189365700104,1,1
0,44,2,20,69.43087635392949,0,0
1,39,3,17,52.996890847276745,0,0
0,53,2,30,60.61501250365304,0,0
1,59,4,30,89.23682226722508,1,1
0,24,2,4,56.55593805749744,0,0
0,59,4,30,62.51405550296802,1,1
1,24,2,4,61.67895011578387,0,0
1,51,4,29,70.51830915737774,1,1
1,22,2,0,58.450302840718535,0,0
0,51,2,29,67.65287012222383,0,0
0,53,1,30,58.78524658022564,0,0
1,49,4,25,84.71766049297598,1,1
1,42,4,20,54.705835633490096,1,1
0,34,4,13,79.66467267182654,1,1
0,48,0,27,56.22296215514502,0,0
0,57,2,30,52.19380508178887,1,0
1,28,4,8,54.48810880265117,0,0
0,43,0,21,39.32846409447869,0,0
0,31,1,7,71.5789766957646,0,0
0,36,4,12,47.54035835715344,0,0
0,36,4,16,59.631207086110905,0,0
0,25,0,1,76.42432396398145,0,0
1,53,2,30,75.94029019616951,1,1
0,44,1,22,43.52511626004102,0,0
1,27,4,3,69.65815369896406,0,0
0,45,2,21,82.10740973462384,1,1
1,41,1,18,55.44735634715204,1,1
1,58,3,30,72.70359992002744,1,1
1,41,3,18,47.85080591308191,1,1
1,33,1,11,70.78485429855485,1,0
0,54,0,30,66.96907041994487,0,0
0,49,1,28,74.91720433738179,0,0
1,29,1,8,73.98719130333058,0,0
1,22,0,0,44.69774585673272,0,0
1,58,0,30,67.04829861116289,0,1
1,43,2,20,86.79370466410808,1,1
1,27,2,3,32.22036767326355,0,0
0,42,0,22,79.50389170793099,0,0
0,53,3,30,89.02557649443632,1,1
1,56,3,30,42.73046719272798,1,1
1,36,1,13,54.939513932787825,0,0
0,26,4,2,72.76614982925797,0,0
1,27,1,3,51.70812326279539,0,0
0,46,1,26,85.46868775468045,1,1
1,50,4,27,80.88344398634106,1,1
0,28,0,6,44.22555140685322,0,0
0,34,3,14,53.85412850103481,0,0
1,59,1,30,76.54755232752532,1,1
0,39,4,16,75.95989104120991,1,1
1,23,2,0,98.27660052954558,0,0
1,29,1,8,51.801766918257776,0,0
1,32,3,11,86.88826759207987,1,1
0,54,0,30,51.29129082854646,0,0
0,59,1,30,72.50481398683807,1,1
0,48,1,26,78.38513662339226,1,1
1,41,4,20,20.09149860700351,1,1
1,33,2,10,78.66809447124173,1,1
1,52,2,29,85.76854536574079,1,1
1,48,0,26,81.43822630210613,1,1
1,53,3,30,95.80008215116514,1,1
1,31,0,10,79.47765925258835,0,0
0,24,1,0,56.94192347971229,0,0
1,48,1,28,83.58516701622916,1,1
0,56,2,30,56.09050579166877,1,0
1,52,3,28,66.23626887418968,1,1
1,36,4,13,77.47674910101854,1,1
1,37,3,13,71.72121236220065,0,1
0,34,1,14,85.26697987775245,0,0
0,56,4,30,100.0,1,1
0,32,3,9,47.939540870729004,0,0
0,42,3,21,60.074958217854686,1,0
0,32,4,9,69.74567543843465,0,0
1,51,1,29,58.05213585039888,1,1
1,56,3,30,63.864405972531515,1,1
0,43,4,21,76.63729409412602,1,1
0,59,1,30,74.6436249705015,1,1
0,52,4,30,68.70999095458825,1,1
1,35,4,14,67.21595754896346,1,1
1,45,3,24,61.64194798259575,1,1
1,53,1,30,86.06784259171577,1,1
0,57,3,30,89.95083254889497,1,1
1,53,0,30,80.28221005412706,1,1
1,36,0,13,47.75935118201068,0,0
0,56,1,30,61.066843549482925,0,0
1,24,4,1,67.99498939659327,0,0
0,37,3,16,50.88958208116648,0,0
1,26,3,2,66.18625557093392,0,0
0,42,1,19,65.33332688801364,0,0
1,31,1,10,81.26207261880846,0,0
1,40,0,17,57.52564340482053,0,0
1,46,2,24,82.44954332410542,1,1
1,25,1,2,50.6394794574592,0,0
0,50,2,27,52.73241203507969,1,0
0,40,1,20,59.30956538402019,0,0
0,23,4,1,65.71807829997212,0,0
0,31,4,7,28.75231397896103,0,0
1,46,0,23,71.88946348116409,1,1
0,41,0,17,90.64013797618628,0,0
1,40,2,18,74.7690435196603,0,1
1,44,1,21,61.83995109792256,1,1
1,45,3,25,48.73113376595611,1,1
0,32,0,11,37.8046664637648,0,0
1,55,3,30,40.35464562927024,1,1
1,49,3,29,63.03740187489685,1,1
0,26,1,5,96.60365027676905,0,0
1,26,2,5,24.243899140528896,0,0
1,42,1,21,75.50326833852594,0,1
0,33,0,10,54.83426881421088,0,0
1,25,3,1,59.967575614574855,0,0
0,41,1,17,50.93451670183982,0,0
0,59,1,30,44.488418127696434,0,0
0,46,1,26,66.88455858008481,0,0
0,35,0,13,68.94205229704504,0,0
0,32,2,11,75.02510088078935,0,0
0,53,1,30,39.72134440837714,0,0
1,32,0,12,78.10958500217131,0,0
1,39,3,16,78.37711331382776,1,1
1,48,4,25,71.36740529647207,1,1
0,39,0,15,58.68557574397309,0,0
0,44,4,20,69.62646300783418,0,1
1,32,1,10,62.59326414784517,0,0
0,42,1,20,79.5277449497751,0,0
0,26,0,4,59.50183553109825,0,0
1,44,4,22,66.62036645115002,1,1
0,46,1,26,38.92516992543289,0,0
1,31,3,11,69.57949683785333,0,1
1,43,2,19,53.75668323642895,0,0
0,40,2,17,72.68699326040854,0,0
0,22,1,0,76.82637342871752,0,0
1,28,4,7,55.85040586858022,1,0
0,25,1,5,65.46782453701576,0,0
0,22,4,0,67.61742367029886,0,0
1,36,3,14,70.52095597899981,1,1
0,33,4,12,76.84786738465873,0,0
1,43,1,20,74.88516764545194,0,1
1,43,3,21,59.30164539127801,1,1
0,38,0,15,88.97482893731157,0,0
0,50,2,29,76.27981214181202,1,1
0,35,1,12,86.0771658837804,0,0
0,41,1,18,70.20060085057878,0,0
0,54,1,30,71.0870818291781,1,1
1,36,3,14,63.24213422893185,1,1
0,33,0,9,58.343382823434574,0,0
1,41,4,21,79.63007271656554,1,1
1,51,0,28,68.96885936872124,0,1
1,59,3,30,63.026542317299075,1,1
1,24,1,1,49.660625211928966,0,0
0,49,2,25,88.32673306562178,1,1
1,47,1,26,66.68938151948855,1,1
1,51,4,29,46.59916134172173,1,1
0,34,2,10,66.22133698736785,0,0
0,34,1,11,61.98619343299157,0,0
1,23,2,0,61.370803997822776,0,0
0,58,0,30,73.64389702957048,0,0
0,59,3,30,62.00690717854646,1,1
0,23,1,2,60.41751421879262,0,0
0,57,4,30,85.43607105408289,1,1
1,47,0,25,38.90649537107028,1,0
1,32,1,11,64.22926538158585,0,0
1,29,0,8,78.9327779098822,0,0
0,43,4,23,74.403986733387,1,1
0,41,1,20,80.30072889914928,0,0
0,29,4,5,95.32357819826004,1,1
0,50,2,26,90.48427615837988,1,1
0,47,4,24,47.666979291756874,1,1
1,51,2,30,40.839448758387555,1,1
0,38,1,15,69.90278610047773,0,0
1,41,2,19,44.68823477663569,0,0
0,37,1,13,36.102960197073855,0,0
0,28,1,6,69.7436428679238,0,0
0,37,3,17,73.5056798822785,0,0
1,48,1,24,90.6671096832352,1,1
1,44,2,22,76.52646604985635,1,1
1,45,3,25,93.79340128954466,1,1
0,30,3,8,70.33331278003966,0,0
0,56,1,30,47.955946419809635,0,0
1,41,4,21,77.33280584257436,1,1
0,58,4,30,85.01469649279731,1,1
1,38,3,15,70.86626596867357,1,1
0,52,1,30,86.7582569803361,1,1
0,29,4,9,63.15123930445734,0,0
0,36,1,12,73.18848675672986,0,0
0,52,1,29,62.38501877987196,0,0
1,51,3,30,100.0,1,1
0,41,3,20,77.61891029490818,0,0
0,33,0,10,48.24942303723189,0,0
0,38,4,16,92.7889620271193,1,1
0,51,4,27,54.002303624639175,1,1
1,50,4,27,65.2054393934981,1,1
1,40,2,19,72.0245119373849,1,1
1,32,1,12,73.24987962265482,0,0
1,55,3,30,72.25583335232596,1,1
0,28,4,8,48.0043174199082,0,0
1,55,0,30,72.30551952743166,1,1
0,41,4,21,81.50968905703553,1,1
0,59,1,30,81.07796044991237,1,1
1,45,1,25,45.47281109821944,0,0
0,31,3,9,55.16520677778458,0,0
1,53,2,30,49.3321753069868,0,1
0,36,3,12,70.09719488000674,1,0
1,58,4,30,41.725283263286585,1,1
1,41,0,19,48.15885841577798,0,0
1,24,3,0,55.022975155231535,0,0
1,58,2,30,38.04814831653916,0,0
1,29,3,7,64.58301344211354,0,0
0,44,1,20,33.40257141487857,0,0
1,32,4,12,72.28017154315299,1,1
0,29,4,6,59.04467541996689,0,0
1,50,4,26,55.64025189145336,1,1
1,51,4,28,58.08877067646112,1,1
1,31,4,11,64.09420861556929,1,1
0,49,4,25,73.89299274114674,1,1
0,57,0,30,84.75645910395676,0,0
1,34,2,12,80.20858722822432,0,1
0,53,4,29,98.47532484164924,1,1
0,57,2,30,75.12945814066174,1,1
0,58,4,30,67.10472653560899,1,1
1,47,3,24,58.14452271002556,1,1
1,43,4,19,58.64301564586203,1,1
0,25,1,4,73.08557039848883,0,0
0,52,0,28,50.00833787332694,0,0
0,39,3,17,68.43464208787904,0,0
1,59,3,30,64.71702656294174,1,1
1,45,1,22,54.07854415246568,0,0
0,44,4,20,49.23214560550728,0,0
0,43,0,22,100.0,0,0
0,23,3,3,44.05143250672563,0,0
1,52,0,28,63.98362153480076,0,0
1,32,3,8,83.33875712235809,1,1
0,49,4,27,72.93585297392417,1,1
0,53,3,30,57.896966660665086,1,1
0,26,3,6,47.11779296681993,0,0
1,59,2,30,66.94679664889286,1,1
0,31,4,7,25.407271262976785,0,0
1,45,1,25,67.54800590593803,1,1
1,56,1,30,65.5223988034181,1,1
0,44,4,23,81.051828927899,1,1
0,38,1,17,47.84990385373351,0,0
0,22,4,2,60.14792900230901,0,0
1,52,1,29,71.55352470256277,1,1
1,52,2,30,68.08351638055343,1,1
1,55,1,30,44.86030254634371,0,0
1,30,3,9,55.28747404424176,0,0
0,43,4,22,85.9986734034709,1,1
1,34,0,13,68.88989577936673,0,0
1,46,0,24,40.03825778034156,0,0
0,39,4,16,78.24848220016005,0,0
1,33,2,13,41.011029109208295,0,0
1,38,1,18,60.39469253580873,1,1
1,36,2,13,73.44914831864716,0,0
1,36,0,13,83.20558820028104,0,0
1,36,4,13,29.931136435088018,0,0
1,34,4,11,75.67385161206047,1,1
0,38,2,14,77.92586960075701,0,0
0,53,2,30,56.64476797762805,1,0
1,30,1,6,66.36363634151525,0,0
0,41,3,20,20.0,0,0
0,47,3,26,23.78029527788132,0,0
0,48,1,28,81.62799080012381,1,1
0,42,3,21,56.91657156521047,0,0
1,39,0,16,59.80681652746792,0,0
1,34,3,10,68.5201460554104,1,1
0,37,1,14,59.51101683834692,0,0
0,30,3,9,58.11961799694577,0,0
0,33,4,9,70.91733592865074,0,0
1,59,2,30,42.566956134809175,1,1
1,40,0,20,82.3987647779089,0,0
0,28,4,5,61.5462496268847,0,0
1,56,4,30,49.91512248888691,1,1
1,39,1,15,47.896854732165025,0,0
1,37,2,17,65.63977829682985,1,1
1,25,2,1,60.40463435332435,0,0
0,46,0,26,41.76739888221861,0,0
1,53,1,29,55.972473419327955,1,1
0,34,0,13,52.862014956757754,0,0
1,38,3,18,83.92784804781304,1,1
1,58,4,30,66.95678622457613,1,1
1,27,0,3,88.54009142555837,0,0
1,40,4,16,54.35038663449113,1,1
0,34,1,11,60.63302166883955,0,0
1,47,3,27,70.7982983785357,1,1
1,35,1,13,74.06198915861052,0,0
1,52,3,30,75.81486608679448,1,1
0,25,3,2,51.68285671349786,0,0
0,29,4,7,52.10481294514107,0,0
0,46,1,26,59.668695927692355,0,0
1,34,1,12,87.21360296128395,0,0
1,53,0,29,49.98975224852696,1,0
0,59,1,30,57.09612490765018,0,0
1,59,0,30,75.9478687163478,1,1
1,49,2,29,75.1453139712323,1,1
1,51,2,30,73.3312755172688,1,1
1,24,2,2,66.21265371168953,0,0
1,49,1,26,49.02299567675396,1,1
1,24,1,4,54.638361066467965,0,0
0,55,0,30,81.89735263893425,1,0
1,37,3,15,76.60455999883612,1,1
1,43,0,22,44.97522638336801,0,0
1,53,2,29,78.04186444557233,1,1
1,59,0,30,84.63167658146503,1,1
1,29,3,9,65.80746183070507,1,1
0,29,1,5,71.3942177101941,0,0
0,27,0,6,80.17227778364314,0,0
0,35,2,14,54.56425405756397,0,0
0,53,2,30,99.9439670693222,1,1
1,56,1,30,83.346169679698,1,1
1,31,0,9,72.86042220805193,0,0
0,24,3,0,64.48238233722932,0,0
0,33,1,12,72.42166166920622,0,0
1,52,0,29,41.595762520033325,0,0
0,50,4,27,96.23131651864428,1,1
1,26,2,4,81.93337360163524,0,0
1,46,3,23,86.96020395203384,1,1
1,52,3,29,65.46135745525538,1,1
0,42,3,19,59.59566205880558,0,0
0,41,2,18,54.88539194974586,0,0
1,43,0,20,77.2036191327021,1,1
1,25,1,4,57.311793805155936,0,0
0,34,0,10,62.189646002229395,0,0
1,41,1,21,73.19598690012874,1,1
0,34,3,11,55.110075247454915,0,0
1,38,0,18,80.65920145974785,1,1
0,57,3,30,64.73388383165218,1,1
1,54,4,30,42.37821022556042,1,1
0,22,3,0,54.94995981847508,0,0
0,36,3,16,84.62278174955395,1,1
0,34,1,11,50.94496229956426,0,0
0,38,4,16,78.41116230856429,0,0
1,45,3,23,66.82510155041858,1,1
1,29,3,7,62.42449547406329,0,0
0,48,4,28,100.0,1,1
0,44,4,22,45.73675635605518,1,0
1,29,0,8,53.89799592515325,0,0
1,29,1,8,64.64854896524888,0,0
1,47,4,27,100.0,1,1
0,34,4,11,64.68348234811538,0,0
0,58,2,30,69.11379407833178,1,1
1,49,4,26,59.96246750620047,1,1
0,46,1,23,70.37942867842855,0,0
1,37,3,14,60.892738900453075,1,1
0,23,3,0,75.42983906649883,0,0
1,39,3,15,76.61280989728242,1,1
0,38,3,16,61.48842255757701,0,0
1,51,2,28,48.11779942855904,1,1
0,34,4,13,66.40354770538603,0,0
1,53,3,30,86.03182622631749,1,1
0,50,0,30,52.60009109331186,0,0
1,51,3,30,70.00875335589951,1,1
1,39,4,16,46.91389354981073,1,1
1,34,3,10,49.40288998285212,1,1
1,42,2,20,84.50548752954482,1,1
1,51,1,30,75.3730007397392,1,1
1,42,1,20,70.23447695057642,0,1
0,38,4,14,30.173401035375573,0,0
1,40,1,20,56.7066069284494,1,1
0,36,1,14,74.10221004630031,0,0
0,30,0,6,43.26401738118515,0,0
0,31,4,9,59.691719151371046,0,0
0,52,4,29,76.49980565928976,1,1
1,44,1,20,42.33291929982791,0,0
1,51,1,29,39.81070119576805,1,1
1,54,1,30,42.592578256337305,1,0
1,30,2,7,70.01727817417269,0,0
0,22,3,0,56.645022067056466,0,0
0,56,2,30,78.17072939694673,1,1
0,32,4,12,66.81527577851922,0,0
0,55,0,30,93.2080207690706,1,1
0,37,3,14,46.43776702625978,0,0
0,30,0,7,69.97657557663648,0,0
1,53,4,29,53.07177843463025,1,1
1,36,4,15,74.00319048722044,1,1
1,33,0,13,66.7990383540926,0,0
1,54,0,30,50.103187642694294,0,0
1,35,0,11,62.64271630836686,0,0
0,29,4,9,66.09647115817477,0,0
1,29,1,9,56.010365900071626,0,0
1,48,0,25,75.90750822475366,1,1
0,33,3,11,49.53361074996628,0,0
0,22,4,0,96.36512837049744,0,0
1,32,2,9,79.30535450940282,1,1
0,52,2,29,70.23111678580304,1,1
1,38,3,17,100.0,1,1
1,54,1,30,60.360517611601026,1,1
0,53,0,29,74.17063801346521,0,0
0,50,4,26,68.34020695398812,1,1
0,42,0,18,76.96201539811736,0,0
0,42,4,19,87.44174550599931,1,1
0,44,2,23,73.23424064917039,0,0
1,27,0,5,80.62690842972799,0,0
0,43,3,20,56.74418014480113,0,0
1,59,1,30,61.90774777304302,1,1
0,58,3,30,89.57431340394506,1,1
1,29,1,9,73.9528424529404,0,0
0,56,0,30,68.72485467287282,0,0
0,32,0,10,53.70133686374725,0,0
1,45,1,22,79.49894121702425,0,1
1,42,2,20,53.27801868526309,1,1
0,23,4,3,48.85751216344841,0,0
1,40,3,16,66.72388626543382,1,1
0,49,3,27,28.96261199706964,0,0
0,38,3,18,74.16615074556462,0,0
0,27,0,4,70.65416295111932,0,0
0,40,3,19,59.707946620462096,0,0
1,59,4,30,61.06822762159944,1,1
0,49,4,25,63.21018643000402,1,1
0,23,1,0,53.163089336789874,0,0
1,59,0,30,67.7685894124744,1,1
1,58,4,30,61.259076044217274,1,1
0,25,2,2,66.68678229932928,0,0
1,43,0,19,62.66407121997885,1,0
0,47,0,27,59.712069912631286,0,0
1,57,4,30,69.17738935156456,1,1
1,34,2,13,76.71649764397266,1,1
1,53,1,30,57.12846282248154,1,1
0,38,4,16,70.93209937468936,1,1
0,57,2,30,72.79145615771286,1,1
0,40,0,16,45.74204176990145,0,0
